brand,product_name,sale_price,original_price
Turtle, Turtle Beach VelocityOne Flight Simulation Control System for Xbox Series X|S & Xbox One or Windows 10 PC, NOT ON SALE, $479
Thrustmaster, Thrustmaster T.Flight Hotas One Joystick for Xbox One, NOT ON SALE, $169
Thrustmaster, Thrustmaster T.Flight Full Kit X for Xbox Series X/S, NOT ON SALE, $369
Logitech, Logitech G Pro Flight X56 Rhino HOTAS, $360, $450
Thrustmaster, Thrustmaster T.Flight Hotas 4 Joystick for PS4, NOT ON SALE, $169
Thrustmaster, Thrustmaster HOTAS Warthog Joystick, NOT ON SALE, $849
Thrustmaster, Thrustmaster T.16000M FCS HOTAS, NOT ON SALE, $269
Thrustmaster, Thrustmaster T.Flight Full Kit, NOT ON SALE, $229
Logitech, Logitech G Flight Simulator Rudder Pedals, $240, $300
Logitech, Logitech G Flight Simulator X52 Professional H.O.T.A.S Controller, $320, $400
Logitech, Logitech G Extreme 3D Pro Joystick, $71.20, $89
Thrustmaster, Thrustmaster USB Joystick, NOT ON SALE, $59
Thrustmaster, Thrustmaster TCA Sidestick Airbus Edition, NOT ON SALE, $149
Honeycomb, Honeycomb Alpha Flight Controls - Yoke and Switch Panel, NOT ON SALE, $499
Logitech, Logitech G Flight Simulator Yoke System with Throttle Quadrant, $280, $350
Thrustmaster, Thrustmaster T.16000M FCS Flight Pack, NOT ON SALE, $429
Logitech, Logitech G Flight Simulator X52 H.O.T.A.S Controller, $240, $300
Thrustmaster, Thrustmaster T.16000M FCS Flight Stick, NOT ON SALE, $119
Coolermaster, Coolermaster GD120 ARGB Gaming Table Black, NOT ON SALE, $649
Thrustmaster, Thrustmaster TCA Yoke Pack Boeing Edition for Xbox X/S, NOT ON SALE, $999
Thrustmaster, Thrustmaster TCA Captain Pack Airbus Edition, NOT ON SALE, $549
Honeycomb, Honeycomb Bravo Flight Controls - Throttle Quadrant, NOT ON SALE, $499
Thrustmaster, Thrustmaster TCA Quadrant add on Airbus Edition, NOT ON SALE, $209
Thrustmaster, Thrustmaster TM Flying Clamp, NOT ON SALE, $119
Thrustmaster, Thrustmaster T 16000M Space Sim Duo Stick, NOT ON SALE, $269
Thrustmaster, Thrustmaster T.RJ12 USB Adapter, NOT ON SALE, $34
Thrustmaster, Thrustmaster TCA Quadrant Airbus Edition, NOT ON SALE, $209
Thrustmaster, Thrustmaster F/A-18C HORNET HOTAS Add-On Grip, NOT ON SALE, $369
Thrustmaster, Thrustmaster TWCS Throttle, NOT ON SALE, $169
Thrustmaster, Thrustmaster T-3PM 3 Pedals Magnetic, NOT ON SALE, $299
Honeycomb, Honeycomb Airbus Throttle Pack for Airbus A319 –A380, NOT ON SALE, $119
Thrustmaster, Thrustmaster MFD Cougar Pack, NOT ON SALE, $179
Thrustmaster, Thrustmaster HOTAS Warthog Dual Throttles, NOT ON SALE, $499
Thrustmaster, Thrustmaster HOTAS Warthog Flight Stick, NOT ON SALE, $599
Thrustmaster, Thrustmaster TCA Officer Pack Airbus Edition, NOT ON SALE, $349
Thrustmaster, Thrustmaster TPR Pendular Rudder, NOT ON SALE, $999
Samsung, Samsung Q60B 75" QLED 4K Smart TV [2022], $1995, $2495
Samsung, Samsung Galaxy S22 Ultra 5G 128GB (Phantom Black), $1599, $1849
Segway, Segway Ninebot KickScooter MAX G30, $1099, $1299
Nintendo, Nintendo Switch Console Neon, $399, $449
HP, HP Pavilion x360 14" HD 2-in-1 Laptop (128GB) [Intel i3], $748, $1298
Dell, Dell G15 15.6" FHD 120Hz Gaming Laptop (Intel i5) [GTX 1650], $849, $1299
Asus, Asus VivoBook 15.6" FHD Thin & Light Laptop (256GB) [Intel i5], $699, $1099
Lenovo, Lenovo Flex 5i 14" Full HD 2-in-1 Laptop (256GB) [Intel i5], $899, $1399
Fitbit, Fitbit Versa 3 (Black/Black Aluminium), $199, $399
Eufy, Eufy RoboVac LR30 Hybrid, $649, $1299
Breville, Breville the Barista Express Manual Coffee Machine (Liquorice), $599, $749
Palsonic, Palsonic PW69SBF 67L Bar Fridge (White), $149, $249
Jabra, Jabra Elite 3 True Wireless In-Ear Headphones (Dark Grey), $79, $119
Sony, Sony WH-CH710N Wireless Noise Cancelling Headphones (Black), $149, $299
Samsung, Samsung Galaxy S21 FE 5G 128GB (Graphite), $799, $999
Hisense, Hisense A6HAU 58" 4K UHD LED Smart TV [2022], $695, $895
Samsung, Samsung Q60B 75" QLED 4K Smart TV [2022], $1995, $2495
Samsung, Samsung Galaxy S22 Ultra 5G 128GB (Phantom Black), $1599, $1849
Segway, Segway Ninebot KickScooter MAX G30, $1099, $1299
Nintendo, Nintendo Switch Console Neon, $399, $449
HP, HP Pavilion x360 14" HD 2-in-1 Laptop (128GB) [Intel i3], $748, $1298
Dell, Dell G15 15.6" FHD 120Hz Gaming Laptop (Intel i5) [GTX 1650], $849, $1299
Asus, Asus VivoBook 15.6" FHD Thin & Light Laptop (256GB) [Intel i5], $699, $1099
Lenovo, Lenovo Flex 5i 14" Full HD 2-in-1 Laptop (256GB) [Intel i5], $899, $1399
Fitbit, Fitbit Versa 3 (Black/Black Aluminium), $199, $399
Eufy, Eufy RoboVac LR30 Hybrid, $649, $1299
Breville, Breville the Barista Express Manual Coffee Machine (Liquorice), $599, $749
Palsonic, Palsonic PW69SBF 67L Bar Fridge (White), $149, $249
Jabra, Jabra Elite 3 True Wireless In-Ear Headphones (Dark Grey), $79, $119
Sony, Sony WH-CH710N Wireless Noise Cancelling Headphones (Black), $149, $299
Samsung, Samsung Galaxy S21 FE 5G 128GB (Graphite), $799, $999
Hisense, Hisense A6HAU 58" 4K UHD LED Smart TV [2022], $695, $895
ThunderX3, ThunderX3 TGC12 Gaming Chair (White), NOT ON SALE, $279
ThunderX3, ThunderX3 TGC12 Gaming Chair (Red), NOT ON SALE, $279
ThunderX3, ThunderX3 TGC12 Gaming Chair (Orange), NOT ON SALE, $279
ThunderX3, ThunderX3 TGC12 Gaming Chair (Green), NOT ON SALE, $279
ThunderX3, ThunderX3 TGC12 Gaming Chair (Blue), NOT ON SALE, $279
ThunderX3, ThunderX3 TGC12 Gaming Chair (Black), NOT ON SALE, $279
ThunderX3, ThunderX3 RC3-HEX RGB Colorlighting Gaming Chair (Black), NOT ON SALE, $349
ThunderX3, ThunderX3 RC3-HEX RGB Colorlighting Gaming Chair (Black/Cyan), NOT ON SALE, $349
ONEX, ONEX GX3 Gaming Chair (Blue), NOT ON SALE, $299
ONEX, ONEX GX3 Gaming Chair (White), NOT ON SALE, $299
ONEX, ONEX GX3 Gaming Chair (Green), NOT ON SALE, $299
ONEX, ONEX GX3 Gaming Chair (Red), NOT ON SALE, $299
ONEX, ONEX GX3 Gaming Chair (Black), NOT ON SALE, $299
ThunderX3, ThunderX3 RC3-HEX RGB Colorlighting Gaming Chair (Black/Red), NOT ON SALE, $349
ONEX, ONEX EV12 Evolution Suede Edition Gaming Chair (Suede Grey), NOT ON SALE, $449
ONEX, ONEX EV12 Evolution Suede Edition Gaming Chair (Suede Blue), NOT ON SALE, $449
ONEX, ONEX EV12 Evolution Suede Edition Gaming Chair (Suede Black), NOT ON SALE, $449
ONEX, ONEX FX8 Formula X Module Injected Premium Gaming Chair (Black/Red/White), NOT ON SALE, $399
ONEX, ONEX FX8 Formula X Module Injected Premium Gaming Chair (Black/Blue/White), NOT ON SALE, $399
ONEX, ONEX FX8 Formula X Module Injected Premium Gaming Chair (Black), NOT ON SALE, $399
OMEN, OMEN Citadel Gaming Chair, NOT ON SALE, $419
Razer, Razer Iskur X Ergonomic Gaming Chair, NOT ON SALE, $499
ONEX, ONEX GX1 Gaming Office Chair (Black), NOT ON SALE, $199
ONEX, ONEX GX1 Gaming Office Chair (White), NOT ON SALE, $199
ONEX, ONEX GX1 Gaming Office Chair (Red), NOT ON SALE, $199
ONEX, ONEX GX1 Gaming Office Chair (Blue), NOT ON SALE, $199
ONEX, ONEX EV12 Evolution Edition Gaming Chair (Black/Red), $349, $449
ONEX, ONEX EV12 Evolution Edition Gaming Chair (Black), $349, $449
Official, Official Super Mario™ X Rocker Video Rocker ( Princess Peach), NOT ON SALE, $139
Official, Official Super Mario™ X Rocker Video Rocker (Luigi), NOT ON SALE, $119
ONEX, ONEX GX2 Gaming Office Chair (White), NOT ON SALE, $269
ONEX, ONEX GX2 Gaming Office Chair (Red), NOT ON SALE, $269
ONEX, ONEX GX2 Gaming Office Chair (Blue), NOT ON SALE, $269
ONEX, ONEX GX2 Gaming Office Chair (Black), NOT ON SALE, $269
Razer, Razer Iskur Gaming Chair with Built-In Lumbar Support NASA, NOT ON SALE, $799
Noblechairs, Noblechairs HERO Gaming Chair (Black Edition), NOT ON SALE, $799
Noblechairs, Noblechairs HERO Gaming Chair (Black/Red), NOT ON SALE, $699
Noblechairs, Noblechairs HERO Gaming Chair (Black/Blue), NOT ON SALE, $699
Noblechairs, Noblechairs HERO Gaming Chair (Black/Gold), NOT ON SALE, $699
Noblechairs, Noblechairs HERO Gaming Chair (Black/Platinum White), NOT ON SALE, $699
Noblechairs, Noblechairs HERO Gaming Chair (Black), NOT ON SALE, $699
ThunderX3, ThunderX3 BC3 BOSS Gaming Chair (Void), NOT ON SALE, $349
ThunderX3, ThunderX3 BC3 BOSS Gaming Chair (Ocean), NOT ON SALE, $349
ThunderX3, ThunderX3 BC3 BOSS Gaming Chair (Fuchsia), NOT ON SALE, $349
ThunderX3, ThunderX3 BC3 BOSS Gaming Chair (Coffee), NOT ON SALE, $349
ONEX, ONEX GX330 Series Gaming Chair (Pink), NOT ON SALE, $299
ONEX, ONEX GX330 Series Gaming Chair (Red), NOT ON SALE, $299
ONEX, ONEX GX330 Series Gaming Chair (Blue), NOT ON SALE, $299
ONEX, ONEX GX330 Series Gaming Chair (Black), NOT ON SALE, $299
ONEX, ONEX GE300 Breathable Ergonomic Gaming Chair (Black), NOT ON SALE, $299
ONEX, ONEX GE300 Breathable Ergonomic Gaming Chair (Black/Pink), NOT ON SALE, $299
ONEX, ONEX GE300 Breathable Ergonomic Gaming Chair (Black/White), NOT ON SALE, $299
GTR, GTR Air 6 Series Gaming Chair (Black / White), NOT ON SALE, $299
GTR, GTR Air 6 Series Gaming Chair (Black / Blue), NOT ON SALE, $299
GTR, GTR Air 6 Series Gaming Chair (Black), NOT ON SALE, $299
GTR, GTR Air 6 Series Gaming Chair (Black / Red), NOT ON SALE, $299
Anda, Anda Seat Kaiser 2 Series Premium Gaming Chair (Black), NOT ON SALE, $449
ONEX, ONEX EV12 Evolution Edition Gaming Chair Limited (Red), $349, $449
ZQRacing, ZQRacing Viper Series Gaming Office Chair (Pink), NOT ON SALE, $479
Noblechairs, Noblechairs Footrest (Black), NOT ON SALE, $269
ONEX, ONEX EV10 Evolution Suede Edition Gaming Chair (Suede Grey), NOT ON SALE, $399
ONEX, ONEX EV10 Evolution Suede Edition Gaming Chair (Suede Blue), NOT ON SALE, $399
ONEX, ONEX EV10 Evolution Suede Edition Gaming Chair (Suede Black), NOT ON SALE, $399
ONEX, ONEX DV-10E X-PACE Ergonomic Gaming Chair (Silver/Black), NOT ON SALE, $1299
ONEX, ONEX DV-10E X-PACE Ergonomic Gaming Chair (Black), NOT ON SALE, $1299
ONEX, ONEX STC Elegant XL Series Gaming Chair (Ivory), NOT ON SALE, $499
Noblechairs, Noblechairs ICON TX Gaming Chair (Anthracite), NOT ON SALE, $649
Anda, Anda Seat Dark Demon Premium Gaming Chair (Black/Red), NOT ON SALE, $479
Anda, Anda Seat T-PRO 2 Gaming Chair (Black/Blue), NOT ON SALE, $539
Anda, Anda Seat Jungle Series Gaming Chair (Black/Red), NOT ON SALE, $379
Anda, Anda Seat Jungle Series Gaming Chair (Black), NOT ON SALE, $379
Noblechairs, Noblechairs EPIC Mercedes-AMG Petronas F1 Team (2021 Edition), NOT ON SALE, $849
Official, Official Super Mario™ X Rocker 2.1 Audio Pedestal Gaming Chair ( Mario Edition), NOT ON SALE, $299
Official, Official Super Mario™ X Rocker Video Rocker (Yoshi), NOT ON SALE, $139
X, X Rocker GP Evo Elite 4.1 Pedestal Gaming Chair with RGB LED Lighting, NOT ON SALE, $899
Cooler, Cooler Master Caliber R1 Premium Gaming Chair White, NOT ON SALE, $399
Cooler, Cooler Master Caliber R1 Premium Gaming Chair Blue, NOT ON SALE, $399
X, X Rocker GP Torque 2.1 Black with Red Stripe Gaming Chair, NOT ON SALE, $549
X, X Rocker Torque 2.1 Gaming Chair (Red), NOT ON SALE, $549
Official, Official Super Mario™ X Rocker Video Rocker (Bowser), NOT ON SALE, $139
Anda, Anda Seat Black Widow Edition Gaming Chair, NOT ON SALE, $599
Anda, Anda Seat Black Panther Edition Gaming Chair, NOT ON SALE, $599
Next, Next Level Racing Elite Gaming Chair (Suede), NOT ON SALE, $699
Next, Next Level Racing Elite Gaming Chair (Leather), NOT ON SALE, $699
ONEX, ONEX STC Alcantara L Series Gaming Chair (Black/Red), NOT ON SALE, $399
ONEX, ONEX STC Alcantara L Series Gaming Chair (Black/Blue), NOT ON SALE, $399
ONEX, ONEX STC Alcantara L Series Gaming Chair (Black), NOT ON SALE, $399
ONEX, ONEX STC Elegant XL Series Gaming Chair (Pink), NOT ON SALE, $499
ONEX, ONEX STC Elegant XL Series Gaming Chair (Graphite), NOT ON SALE, $499
ONEX, ONEX STC Elegant XL Series Gaming Chair (Cowboy), NOT ON SALE, $499
ONEX, ONEX STC Snug L Series Gaming Chair (Pink0, NOT ON SALE, $399
ONEX, ONEX STC Snug L Series Gaming Chair (Ivory), NOT ON SALE, $399
ONEX, ONEX STC Snug L Series Gaming Chair (Graphite), NOT ON SALE, $399
ONEX, ONEX STC Snug L Series Gaming Chair (Cowboy), NOT ON SALE, $399
Razer, Razer Iskur X Ergonomic Gaming Chair (Hello Kitty and Friends Edition), NOT ON SALE, $799
Razer, Razer Lumbar Cushion - Lumbar Support for Gaming Chairs - Hello Kitty and Friends Edition, NOT ON SALE, $99
Coolermaster, Coolermaster Caliber R2C Gaming Chair with Cool-In Fabric Technology Black / Purple, NOT ON SALE, $499
Razer, Razer Iskur Dark Gray Fabric Gaming Chair With Built In Lumbar Support, NOT ON SALE, $799
Noblechairs, Noblechairs ICON Gaming Chair (Black Edition), NOT ON SALE, $749
Noblechairs, Noblechairs Memory Foam Pillow Set - Mercedes-AMG Petronas Formula One Team Edition, NOT ON SALE, $99
Samsung, Samsung Q60B 75" QLED 4K Smart TV [2022], $1995, $2495
Samsung, Samsung Galaxy S22 Ultra 5G 128GB (Phantom Black), $1599, $1849
Segway, Segway Ninebot KickScooter MAX G30, $1099, $1299
Nintendo, Nintendo Switch Console Neon, $399, $449
HP, HP Pavilion x360 14" HD 2-in-1 Laptop (128GB) [Intel i3], $748, $1298
Dell, Dell G15 15.6" FHD 120Hz Gaming Laptop (Intel i5) [GTX 1650], $849, $1299
Asus, Asus VivoBook 15.6" FHD Thin & Light Laptop (256GB) [Intel i5], $699, $1099
Lenovo, Lenovo Flex 5i 14" Full HD 2-in-1 Laptop (256GB) [Intel i5], $899, $1399
Fitbit, Fitbit Versa 3 (Black/Black Aluminium), $199, $399
Eufy, Eufy RoboVac LR30 Hybrid, $649, $1299
Breville, Breville the Barista Express Manual Coffee Machine (Liquorice), $599, $749
Palsonic, Palsonic PW69SBF 67L Bar Fridge (White), $149, $249
Jabra, Jabra Elite 3 True Wireless In-Ear Headphones (Dark Grey), $79, $119
Sony, Sony WH-CH710N Wireless Noise Cancelling Headphones (Black), $149, $299
Samsung, Samsung Galaxy S21 FE 5G 128GB (Graphite), $799, $999
Hisense, Hisense A6HAU 58" 4K UHD LED Smart TV [2022], $695, $895
ThunderX3, ThunderX3 TGC12 Gaming Chair (White), NOT ON SALE, $279
ThunderX3, ThunderX3 TGC12 Gaming Chair (Red), NOT ON SALE, $279
ThunderX3, ThunderX3 TGC12 Gaming Chair (Orange), NOT ON SALE, $279
ThunderX3, ThunderX3 TGC12 Gaming Chair (Green), NOT ON SALE, $279
ThunderX3, ThunderX3 TGC12 Gaming Chair (Blue), NOT ON SALE, $279
ThunderX3, ThunderX3 TGC12 Gaming Chair (Black), NOT ON SALE, $279
ThunderX3, ThunderX3 RC3-HEX RGB Colorlighting Gaming Chair (Black), NOT ON SALE, $349
ThunderX3, ThunderX3 RC3-HEX RGB Colorlighting Gaming Chair (Black/Cyan), NOT ON SALE, $349
ONEX, ONEX GX3 Gaming Chair (Blue), NOT ON SALE, $299
ONEX, ONEX GX3 Gaming Chair (White), NOT ON SALE, $299
ONEX, ONEX GX3 Gaming Chair (Green), NOT ON SALE, $299
ONEX, ONEX GX3 Gaming Chair (Red), NOT ON SALE, $299
ONEX, ONEX GX3 Gaming Chair (Black), NOT ON SALE, $299
ThunderX3, ThunderX3 RC3-HEX RGB Colorlighting Gaming Chair (Black/Red), NOT ON SALE, $349
ONEX, ONEX EV12 Evolution Suede Edition Gaming Chair (Suede Grey), NOT ON SALE, $449
ONEX, ONEX EV12 Evolution Suede Edition Gaming Chair (Suede Blue), NOT ON SALE, $449
ONEX, ONEX EV12 Evolution Suede Edition Gaming Chair (Suede Black), NOT ON SALE, $449
ONEX, ONEX FX8 Formula X Module Injected Premium Gaming Chair (Black/Red/White), NOT ON SALE, $399
ONEX, ONEX FX8 Formula X Module Injected Premium Gaming Chair (Black/Blue/White), NOT ON SALE, $399
ONEX, ONEX FX8 Formula X Module Injected Premium Gaming Chair (Black), NOT ON SALE, $399
OMEN, OMEN Citadel Gaming Chair, NOT ON SALE, $419
Razer, Razer Iskur X Ergonomic Gaming Chair, NOT ON SALE, $499
ONEX, ONEX GX1 Gaming Office Chair (Black), NOT ON SALE, $199
ONEX, ONEX GX1 Gaming Office Chair (White), NOT ON SALE, $199
ONEX, ONEX GX1 Gaming Office Chair (Red), NOT ON SALE, $199
ONEX, ONEX GX1 Gaming Office Chair (Blue), NOT ON SALE, $199
ONEX, ONEX EV12 Evolution Edition Gaming Chair (Black/Red), $349, $449
ONEX, ONEX EV12 Evolution Edition Gaming Chair (Black), $349, $449
Official, Official Super Mario™ X Rocker Video Rocker ( Princess Peach), NOT ON SALE, $139
Official, Official Super Mario™ X Rocker Video Rocker (Luigi), NOT ON SALE, $119
ONEX, ONEX GX2 Gaming Office Chair (White), NOT ON SALE, $269
ONEX, ONEX GX2 Gaming Office Chair (Red), NOT ON SALE, $269
ONEX, ONEX GX2 Gaming Office Chair (Blue), NOT ON SALE, $269
ONEX, ONEX GX2 Gaming Office Chair (Black), NOT ON SALE, $269
Razer, Razer Iskur Gaming Chair with Built-In Lumbar Support NASA, NOT ON SALE, $799
Noblechairs, Noblechairs HERO Gaming Chair (Black Edition), NOT ON SALE, $799
Noblechairs, Noblechairs HERO Gaming Chair (Black/Red), NOT ON SALE, $699
Noblechairs, Noblechairs HERO Gaming Chair (Black/Blue), NOT ON SALE, $699
Noblechairs, Noblechairs HERO Gaming Chair (Black/Gold), NOT ON SALE, $699
Noblechairs, Noblechairs HERO Gaming Chair (Black/Platinum White), NOT ON SALE, $699
Noblechairs, Noblechairs HERO Gaming Chair (Black), NOT ON SALE, $699
ThunderX3, ThunderX3 BC3 BOSS Gaming Chair (Void), NOT ON SALE, $349
ThunderX3, ThunderX3 BC3 BOSS Gaming Chair (Ocean), NOT ON SALE, $349
ThunderX3, ThunderX3 BC3 BOSS Gaming Chair (Fuchsia), NOT ON SALE, $349
ThunderX3, ThunderX3 BC3 BOSS Gaming Chair (Coffee), NOT ON SALE, $349
ONEX, ONEX GX330 Series Gaming Chair (Pink), NOT ON SALE, $299
ONEX, ONEX GX330 Series Gaming Chair (Red), NOT ON SALE, $299
ONEX, ONEX GX330 Series Gaming Chair (Blue), NOT ON SALE, $299
ONEX, ONEX GX330 Series Gaming Chair (Black), NOT ON SALE, $299
ONEX, ONEX GE300 Breathable Ergonomic Gaming Chair (Black), NOT ON SALE, $299
ONEX, ONEX GE300 Breathable Ergonomic Gaming Chair (Black/Pink), NOT ON SALE, $299
ONEX, ONEX GE300 Breathable Ergonomic Gaming Chair (Black/White), NOT ON SALE, $299
GTR, GTR Air 6 Series Gaming Chair (Black / White), NOT ON SALE, $299
GTR, GTR Air 6 Series Gaming Chair (Black / Blue), NOT ON SALE, $299
GTR, GTR Air 6 Series Gaming Chair (Black), NOT ON SALE, $299
GTR, GTR Air 6 Series Gaming Chair (Black / Red), NOT ON SALE, $299
Anda, Anda Seat Kaiser 2 Series Premium Gaming Chair (Black), NOT ON SALE, $449
ONEX, ONEX EV12 Evolution Edition Gaming Chair Limited (Red), $349, $449
ZQRacing, ZQRacing Viper Series Gaming Office Chair (Pink), NOT ON SALE, $479
Noblechairs, Noblechairs Footrest (Black), NOT ON SALE, $269
ONEX, ONEX EV10 Evolution Suede Edition Gaming Chair (Suede Grey), NOT ON SALE, $399
ONEX, ONEX EV10 Evolution Suede Edition Gaming Chair (Suede Blue), NOT ON SALE, $399
ONEX, ONEX EV10 Evolution Suede Edition Gaming Chair (Suede Black), NOT ON SALE, $399
ONEX, ONEX DV-10E X-PACE Ergonomic Gaming Chair (Silver/Black), NOT ON SALE, $1299
ONEX, ONEX DV-10E X-PACE Ergonomic Gaming Chair (Black), NOT ON SALE, $1299
ONEX, ONEX STC Elegant XL Series Gaming Chair (Ivory), NOT ON SALE, $499
Noblechairs, Noblechairs ICON TX Gaming Chair (Anthracite), NOT ON SALE, $649
Anda, Anda Seat Dark Demon Premium Gaming Chair (Black/Red), NOT ON SALE, $479
Anda, Anda Seat T-PRO 2 Gaming Chair (Black/Blue), NOT ON SALE, $539
Anda, Anda Seat Jungle Series Gaming Chair (Black/Red), NOT ON SALE, $379
Anda, Anda Seat Jungle Series Gaming Chair (Black), NOT ON SALE, $379
Noblechairs, Noblechairs EPIC Mercedes-AMG Petronas F1 Team (2021 Edition), NOT ON SALE, $849
Official, Official Super Mario™ X Rocker 2.1 Audio Pedestal Gaming Chair ( Mario Edition), NOT ON SALE, $299
Official, Official Super Mario™ X Rocker Video Rocker (Yoshi), NOT ON SALE, $139
X, X Rocker GP Evo Elite 4.1 Pedestal Gaming Chair with RGB LED Lighting, NOT ON SALE, $899
Cooler, Cooler Master Caliber R1 Premium Gaming Chair White, NOT ON SALE, $399
Cooler, Cooler Master Caliber R1 Premium Gaming Chair Blue, NOT ON SALE, $399
X, X Rocker GP Torque 2.1 Black with Red Stripe Gaming Chair, NOT ON SALE, $549
X, X Rocker Torque 2.1 Gaming Chair (Red), NOT ON SALE, $549
Official, Official Super Mario™ X Rocker Video Rocker (Bowser), NOT ON SALE, $139
Anda, Anda Seat Black Widow Edition Gaming Chair, NOT ON SALE, $599
Anda, Anda Seat Black Panther Edition Gaming Chair, NOT ON SALE, $599
Next, Next Level Racing Elite Gaming Chair (Suede), NOT ON SALE, $699
Next, Next Level Racing Elite Gaming Chair (Leather), NOT ON SALE, $699
ONEX, ONEX STC Alcantara L Series Gaming Chair (Black/Red), NOT ON SALE, $399
ONEX, ONEX STC Alcantara L Series Gaming Chair (Black/Blue), NOT ON SALE, $399
ONEX, ONEX STC Alcantara L Series Gaming Chair (Black), NOT ON SALE, $399
ONEX, ONEX STC Elegant XL Series Gaming Chair (Pink), NOT ON SALE, $499
ONEX, ONEX STC Elegant XL Series Gaming Chair (Graphite), NOT ON SALE, $499
ONEX, ONEX STC Elegant XL Series Gaming Chair (Cowboy), NOT ON SALE, $499
ONEX, ONEX STC Snug L Series Gaming Chair (Pink0, NOT ON SALE, $399
ONEX, ONEX STC Snug L Series Gaming Chair (Ivory), NOT ON SALE, $399
ONEX, ONEX STC Snug L Series Gaming Chair (Graphite), NOT ON SALE, $399
ONEX, ONEX STC Snug L Series Gaming Chair (Cowboy), NOT ON SALE, $399
Razer, Razer Iskur X Ergonomic Gaming Chair (Hello Kitty and Friends Edition), NOT ON SALE, $799
Razer, Razer Lumbar Cushion - Lumbar Support for Gaming Chairs - Hello Kitty and Friends Edition, NOT ON SALE, $99
Coolermaster, Coolermaster Caliber R2C Gaming Chair with Cool-In Fabric Technology Black / Purple, NOT ON SALE, $499
Razer, Razer Iskur Dark Gray Fabric Gaming Chair With Built In Lumbar Support, NOT ON SALE, $799
Noblechairs, Noblechairs ICON Gaming Chair (Black Edition), NOT ON SALE, $749
Noblechairs, Noblechairs Memory Foam Pillow Set - Mercedes-AMG Petronas Formula One Team Edition, NOT ON SALE, $99
Turtle, Turtle Beach VelocityOne Flight Simulation Control System for Xbox Series X|S & Xbox One or Windows 10 PC, NOT ON SALE, $479
Thrustmaster, Thrustmaster T.Flight Hotas One Joystick for Xbox One, NOT ON SALE, $169
Thrustmaster, Thrustmaster T.Flight Full Kit X for Xbox Series X/S, NOT ON SALE, $369
Logitech, Logitech G Pro Flight X56 Rhino HOTAS, $360, $450
Thrustmaster, Thrustmaster HOTAS Warthog Joystick, NOT ON SALE, $849
Thrustmaster, Thrustmaster T.Flight Hotas 4 Joystick for PS4, NOT ON SALE, $169
Logitech, Logitech G Flight Simulator Rudder Pedals, $240, $300
Thrustmaster, Thrustmaster T.16000M FCS HOTAS, NOT ON SALE, $269
Thrustmaster, Thrustmaster T.Flight Full Kit, NOT ON SALE, $229
Logitech, Logitech G Flight Simulator X52 Professional H.O.T.A.S Controller, $320, $400
Logitech, Logitech G Extreme 3D Pro Joystick, $71.20, $89
Thrustmaster, Thrustmaster USB Joystick, NOT ON SALE, $59
Thrustmaster, Thrustmaster TCA Sidestick Airbus Edition, NOT ON SALE, $149
Honeycomb, Honeycomb Alpha Flight Controls - Yoke and Switch Panel, NOT ON SALE, $499
Logitech, Logitech G Flight Simulator Yoke System with Throttle Quadrant, $280, $350
Thrustmaster, Thrustmaster T.16000M FCS Flight Pack, NOT ON SALE, $429
Logitech, Logitech G Flight Simulator X52 H.O.T.A.S Controller, $240, $300
Thrustmaster, Thrustmaster T.16000M FCS Flight Stick, NOT ON SALE, $119
Coolermaster, Coolermaster GD120 ARGB Gaming Table Black, NOT ON SALE, $649
Thrustmaster, Thrustmaster TCA Yoke Pack Boeing Edition for Xbox X/S, NOT ON SALE, $999
Thrustmaster, Thrustmaster TCA Captain Pack Airbus Edition, NOT ON SALE, $549
Honeycomb, Honeycomb Bravo Flight Controls - Throttle Quadrant, NOT ON SALE, $499
Thrustmaster, Thrustmaster TCA Quadrant add on Airbus Edition, NOT ON SALE, $209
Thrustmaster, Thrustmaster TM Flying Clamp, NOT ON SALE, $119
Thrustmaster, Thrustmaster T 16000M Space Sim Duo Stick, NOT ON SALE, $269
Thrustmaster, Thrustmaster T.RJ12 USB Adapter, NOT ON SALE, $34
Thrustmaster, Thrustmaster TCA Quadrant Airbus Edition, NOT ON SALE, $209
Thrustmaster, Thrustmaster F/A-18C HORNET HOTAS Add-On Grip, NOT ON SALE, $369
Thrustmaster, Thrustmaster TWCS Throttle, NOT ON SALE, $169
Logitech, Logitech G Flight Simulator Throttle Quadrant, $96, $120
Thrustmaster, Thrustmaster T-3PM 3 Pedals Magnetic, NOT ON SALE, $299
Honeycomb, Honeycomb Airbus Throttle Pack for Airbus A319 –A380, NOT ON SALE, $119
Thrustmaster, Thrustmaster MFD Cougar Pack, NOT ON SALE, $179
Thrustmaster, Thrustmaster HOTAS Warthog Dual Throttles, NOT ON SALE, $499
Thrustmaster, Thrustmaster HOTAS Warthog Flight Stick, NOT ON SALE, $599
Thrustmaster, Thrustmaster TCA Officer Pack Airbus Edition, NOT ON SALE, $349
Thrustmaster, Thrustmaster TPR Pendular Rudder, NOT ON SALE, $999
Logitech, Logitech G Flight Simulator Multi Panel, $199.20, $249
Logitech, Logitech G Flight Simulator Radio Panel, $240, $300
Logitech, Logitech G Flight Simulator Switch Panel, $160, $200
Logitech, Logitech G Flight Simulator Instrument Panel, $240, $300
Thrustmaster, Thrustmaster T.Flight Rudder Pedals, NOT ON SALE, $209
Thrustmaster, Thrustmaster TCA Quadrant Boeing Edition for Xbox X/S, NOT ON SALE, $279
Thrustmaster, Thrustmaster TCA Yoke Boeing Edition for Xbox X/S, NOT ON SALE, $799
Thrustmaster, Thrustmaster HOTAS Magnetic Base, NOT ON SALE, $299
Thrustmaster, Thrustmaster F-16 C Viper HOTAS add-on Grip, NOT ON SALE, $369
Next, Next Level Racing Combat Flight Pack, NOT ON SALE, $189
Samsung, Samsung Q60B 75" QLED 4K Smart TV [2022], $1995, $2495
Samsung, Samsung Galaxy S22 Ultra 5G 128GB (Phantom Black), $1599, $1849
Segway, Segway Ninebot KickScooter MAX G30, $1099, $1299
Nintendo, Nintendo Switch Console Neon, $399, $449
HP, HP Pavilion x360 14" HD 2-in-1 Laptop (128GB) [Intel i3], $748, $1298
Dell, Dell G15 15.6" FHD 120Hz Gaming Laptop (Intel i5) [GTX 1650], $849, $1299
Asus, Asus VivoBook 15.6" FHD Thin & Light Laptop (256GB) [Intel i5], $699, $1099
Lenovo, Lenovo Flex 5i 14" Full HD 2-in-1 Laptop (256GB) [Intel i5], $899, $1399
Fitbit, Fitbit Versa 3 (Black/Black Aluminium), $199, $399
Eufy, Eufy RoboVac LR30 Hybrid, $649, $1299
Breville, Breville the Barista Express Manual Coffee Machine (Liquorice), $599, $749
Palsonic, Palsonic PW69SBF 67L Bar Fridge (White), $149, $249
Jabra, Jabra Elite 3 True Wireless In-Ear Headphones (Dark Grey), $79, $119
Sony, Sony WH-CH710N Wireless Noise Cancelling Headphones (Black), $149, $299
Samsung, Samsung Galaxy S21 FE 5G 128GB (Graphite), $799, $999
Hisense, Hisense A6HAU 58" 4K UHD LED Smart TV [2022], $695, $895
ThunderX3, ThunderX3 TGC12 Gaming Chair (White), NOT ON SALE, $279
ThunderX3, ThunderX3 TGC12 Gaming Chair (Red), NOT ON SALE, $279
ThunderX3, ThunderX3 TGC12 Gaming Chair (Orange), NOT ON SALE, $279
ThunderX3, ThunderX3 TGC12 Gaming Chair (Green), NOT ON SALE, $279
ThunderX3, ThunderX3 TGC12 Gaming Chair (Blue), NOT ON SALE, $279
ThunderX3, ThunderX3 TGC12 Gaming Chair (Black), NOT ON SALE, $279
ThunderX3, ThunderX3 RC3-HEX RGB Colorlighting Gaming Chair (Black), NOT ON SALE, $349
ThunderX3, ThunderX3 RC3-HEX RGB Colorlighting Gaming Chair (Black/Cyan), NOT ON SALE, $349
ONEX, ONEX GX3 Gaming Chair (Blue), NOT ON SALE, $299
ONEX, ONEX GX3 Gaming Chair (White), NOT ON SALE, $299
ONEX, ONEX GX3 Gaming Chair (Green), NOT ON SALE, $299
ONEX, ONEX GX3 Gaming Chair (Red), NOT ON SALE, $299
ONEX, ONEX GX3 Gaming Chair (Black), NOT ON SALE, $299
ThunderX3, ThunderX3 RC3-HEX RGB Colorlighting Gaming Chair (Black/Red), NOT ON SALE, $349
ONEX, ONEX EV12 Evolution Suede Edition Gaming Chair (Suede Grey), NOT ON SALE, $449
ONEX, ONEX EV12 Evolution Suede Edition Gaming Chair (Suede Blue), NOT ON SALE, $449
ONEX, ONEX EV12 Evolution Suede Edition Gaming Chair (Suede Black), NOT ON SALE, $449
ONEX, ONEX FX8 Formula X Module Injected Premium Gaming Chair (Black/Red/White), NOT ON SALE, $399
ONEX, ONEX FX8 Formula X Module Injected Premium Gaming Chair (Black/Blue/White), NOT ON SALE, $399
ONEX, ONEX FX8 Formula X Module Injected Premium Gaming Chair (Black), NOT ON SALE, $399
OMEN, OMEN Citadel Gaming Chair, NOT ON SALE, $419
Razer, Razer Iskur X Ergonomic Gaming Chair, NOT ON SALE, $499
ONEX, ONEX GX1 Gaming Office Chair (Black), NOT ON SALE, $199
ONEX, ONEX GX1 Gaming Office Chair (White), NOT ON SALE, $199
ONEX, ONEX GX1 Gaming Office Chair (Red), NOT ON SALE, $199
ONEX, ONEX GX1 Gaming Office Chair (Blue), NOT ON SALE, $199
ONEX, ONEX EV12 Evolution Edition Gaming Chair (Black/Red), $349, $449
ONEX, ONEX EV12 Evolution Edition Gaming Chair (Black), $349, $449
Official, Official Super Mario™ X Rocker Video Rocker ( Princess Peach), NOT ON SALE, $139
Official, Official Super Mario™ X Rocker Video Rocker (Luigi), NOT ON SALE, $119
ONEX, ONEX GX2 Gaming Office Chair (White), NOT ON SALE, $269
ONEX, ONEX GX2 Gaming Office Chair (Red), NOT ON SALE, $269
ONEX, ONEX GX2 Gaming Office Chair (Blue), NOT ON SALE, $269
ONEX, ONEX GX2 Gaming Office Chair (Black), NOT ON SALE, $269
Razer, Razer Iskur Gaming Chair with Built-In Lumbar Support NASA, NOT ON SALE, $799
Noblechairs, Noblechairs HERO Gaming Chair (Black Edition), NOT ON SALE, $799
Noblechairs, Noblechairs HERO Gaming Chair (Black/Red), NOT ON SALE, $699
Noblechairs, Noblechairs HERO Gaming Chair (Black/Blue), NOT ON SALE, $699
Noblechairs, Noblechairs HERO Gaming Chair (Black/Gold), NOT ON SALE, $699
Noblechairs, Noblechairs HERO Gaming Chair (Black/Platinum White), NOT ON SALE, $699
Noblechairs, Noblechairs HERO Gaming Chair (Black), NOT ON SALE, $699
ThunderX3, ThunderX3 BC3 BOSS Gaming Chair (Void), NOT ON SALE, $349
ThunderX3, ThunderX3 BC3 BOSS Gaming Chair (Ocean), NOT ON SALE, $349
ThunderX3, ThunderX3 BC3 BOSS Gaming Chair (Fuchsia), NOT ON SALE, $349
ThunderX3, ThunderX3 BC3 BOSS Gaming Chair (Coffee), NOT ON SALE, $349
ONEX, ONEX GX330 Series Gaming Chair (Pink), NOT ON SALE, $299
ONEX, ONEX GX330 Series Gaming Chair (Red), NOT ON SALE, $299
ONEX, ONEX GX330 Series Gaming Chair (Blue), NOT ON SALE, $299
ONEX, ONEX GX330 Series Gaming Chair (Black), NOT ON SALE, $299
ONEX, ONEX GE300 Breathable Ergonomic Gaming Chair (Black), NOT ON SALE, $299
ONEX, ONEX GE300 Breathable Ergonomic Gaming Chair (Black/Pink), NOT ON SALE, $299
ONEX, ONEX GE300 Breathable Ergonomic Gaming Chair (Black/White), NOT ON SALE, $299
GTR, GTR Air 6 Series Gaming Chair (Black / White), NOT ON SALE, $299
GTR, GTR Air 6 Series Gaming Chair (Black / Blue), NOT ON SALE, $299
GTR, GTR Air 6 Series Gaming Chair (Black), NOT ON SALE, $299
GTR, GTR Air 6 Series Gaming Chair (Black / Red), NOT ON SALE, $299
Anda, Anda Seat Kaiser 2 Series Premium Gaming Chair (Black), NOT ON SALE, $449
ONEX, ONEX EV12 Evolution Edition Gaming Chair Limited (Red), $349, $449
ZQRacing, ZQRacing Viper Series Gaming Office Chair (Pink), NOT ON SALE, $479
Noblechairs, Noblechairs Footrest (Black), NOT ON SALE, $269
ONEX, ONEX EV10 Evolution Suede Edition Gaming Chair (Suede Grey), NOT ON SALE, $399
ONEX, ONEX EV10 Evolution Suede Edition Gaming Chair (Suede Blue), NOT ON SALE, $399
ONEX, ONEX EV10 Evolution Suede Edition Gaming Chair (Suede Black), NOT ON SALE, $399
ONEX, ONEX DV-10E X-PACE Ergonomic Gaming Chair (Silver/Black), NOT ON SALE, $1299
ONEX, ONEX DV-10E X-PACE Ergonomic Gaming Chair (Black), NOT ON SALE, $1299
ONEX, ONEX STC Elegant XL Series Gaming Chair (Ivory), NOT ON SALE, $499
Noblechairs, Noblechairs ICON TX Gaming Chair (Anthracite), NOT ON SALE, $649
Anda, Anda Seat Dark Demon Premium Gaming Chair (Black/Red), NOT ON SALE, $479
Anda, Anda Seat T-PRO 2 Gaming Chair (Black/Blue), NOT ON SALE, $539
Anda, Anda Seat Jungle Series Gaming Chair (Black/Red), NOT ON SALE, $379
Anda, Anda Seat Jungle Series Gaming Chair (Black), NOT ON SALE, $379
Noblechairs, Noblechairs EPIC Mercedes-AMG Petronas F1 Team (2021 Edition), NOT ON SALE, $849
Official, Official Super Mario™ X Rocker 2.1 Audio Pedestal Gaming Chair ( Mario Edition), NOT ON SALE, $299
Official, Official Super Mario™ X Rocker Video Rocker (Yoshi), NOT ON SALE, $139
X, X Rocker GP Evo Elite 4.1 Pedestal Gaming Chair with RGB LED Lighting, NOT ON SALE, $899
Cooler, Cooler Master Caliber R1 Premium Gaming Chair White, NOT ON SALE, $399
Cooler, Cooler Master Caliber R1 Premium Gaming Chair Blue, NOT ON SALE, $399
X, X Rocker GP Torque 2.1 Black with Red Stripe Gaming Chair, NOT ON SALE, $549
X, X Rocker Torque 2.1 Gaming Chair (Red), NOT ON SALE, $549
Official, Official Super Mario™ X Rocker Video Rocker (Bowser), NOT ON SALE, $139
Anda, Anda Seat Black Widow Edition Gaming Chair, NOT ON SALE, $599
Anda, Anda Seat Black Panther Edition Gaming Chair, NOT ON SALE, $599
Next, Next Level Racing Elite Gaming Chair (Suede), NOT ON SALE, $699
Next, Next Level Racing Elite Gaming Chair (Leather), NOT ON SALE, $699
ONEX, ONEX STC Alcantara L Series Gaming Chair (Black/Red), NOT ON SALE, $399
ONEX, ONEX STC Alcantara L Series Gaming Chair (Black/Blue), NOT ON SALE, $399
ONEX, ONEX STC Alcantara L Series Gaming Chair (Black), NOT ON SALE, $399
ONEX, ONEX STC Elegant XL Series Gaming Chair (Pink), NOT ON SALE, $499
ONEX, ONEX STC Elegant XL Series Gaming Chair (Graphite), NOT ON SALE, $499
ONEX, ONEX STC Elegant XL Series Gaming Chair (Cowboy), NOT ON SALE, $499
ONEX, ONEX STC Snug L Series Gaming Chair (Pink0, NOT ON SALE, $399
ONEX, ONEX STC Snug L Series Gaming Chair (Ivory), NOT ON SALE, $399
ONEX, ONEX STC Snug L Series Gaming Chair (Graphite), NOT ON SALE, $399
ONEX, ONEX STC Snug L Series Gaming Chair (Cowboy), NOT ON SALE, $399
Razer, Razer Iskur X Ergonomic Gaming Chair (Hello Kitty and Friends Edition), NOT ON SALE, $799
Razer, Razer Lumbar Cushion - Lumbar Support for Gaming Chairs - Hello Kitty and Friends Edition, NOT ON SALE, $99
Coolermaster, Coolermaster Caliber R2C Gaming Chair with Cool-In Fabric Technology Black / Purple, NOT ON SALE, $499
Razer, Razer Iskur Dark Gray Fabric Gaming Chair With Built In Lumbar Support, NOT ON SALE, $799
Noblechairs, Noblechairs ICON Gaming Chair (Black Edition), NOT ON SALE, $749
Noblechairs, Noblechairs Memory Foam Pillow Set - Mercedes-AMG Petronas Formula One Team Edition, NOT ON SALE, $99
